Workbook

Sheet Document Register
A1: Master Document Register
A3: Document Number | B3: Document Title | C3: Project Name | D3: Client Name | E3: Discipline | F3: Revision No. | G3: Submission Date | H3: Approval Date | I3: Status | J3: Responsible Engineer | K3: Remarks | L3: Aging (Days)
A4: PRJ01-CIV-0001 | B4: Foundation Drawing | C4: Metro Project | D4: ABC Ltd | E4: Civil | F4: Rev-00 | G4: 46023 | H4: 46026 | I4: Approved | J4: Ahmed Khan | K4: Approved | L4: =IF(G4="","",TODAY()-G4) -> 221
A5: PRJ02-MEC-0002 | B5: HVAC Layout | C5: Airport Project | D5: XYZ Ltd | E5: Mechanical | F5: Rev-01 | G5: 46025 | I5: Submitted | J5: Ali Raza | K5: Pending | L5: =IF(G5="","",TODAY()-G5) -> 219
A6: PRJ03-ELE-0003 | B6: Cable Schedule | C6: Hospital Project | D6: GHI Ltd | E6: Electrical | F6: Rev-02 | G6: 46027 | I6: Under Review | J6: John Mathew | K6: Review | L6: =IF(G6="","",TODAY()-G6) -> 217
A7: PRJ04-ELV-0004 | B7: CCTV Layout | C7: Refinery Upgrade | D7: OilCorp | E7: ELV | F7: Rev-03 | G7: 46029 | I7: Draft | J7: Salman Ali | K7: Draft | L7: =IF(G7="","",TODAY()-G7) -> 215
A8: PRJ05-HSE-0005 | B8: Risk Assessment | C8: IT Park | D8: PQR Ltd | E8: HSE | F8: Rev-00 | G8: 46031 | I8: Rejected | J8: Imran Ahmed | K8: Resubmit | L8: =IF(G8="","",TODAY()-G8) -> 213
A9: PRJ06-QA/-0006 | B9: ITP Document | C9: Data Center | D9: NABCO | E9: QA/QC | F9: Rev-01 | G9: 46033 | H9: 46036 | I9: Approved | J9: Hassan Khan | K9: Approved | L9: =IF(G9="","",TODAY()-G9) -> 211
A10: PRJ07-CIV-0007 | B10: Foundation Drawing | C10: Mall Project | D10: Delta EPC | E10: Civil | F10: Rev-02 | G10: 46035 | I10: Submitted | J10: Ahmed Khan | K10: Pending | L10: =IF(G10="","",TODAY()-G10) -> 209
A11: PRJ08-MEC-0008 | B11: HVAC Layout | C11: Bridge Project | D11: Prime Infra | E11: Mechanical | F11: Rev-03 | G11: 46037 | I11: Under Review | J11: Ali Raza | K11: Review | L11: =IF(G11="","",TODAY()-G11) -> 207
A12: PRJ09-ELE-0009 | B12: Cable Schedule | C12: Residential Tower | D12: SkyBuild | E12: Electrical | F12: Rev-00 | G12: 46039 | I12: Draft | J12: John Mathew | K12: Draft | L12: =IF(G12="","",TODAY()-G12) -> 205
A13: PRJ10-ELV-0010 | B13: CCTV Layout | C13: Industrial Plant | D13: Vision Tech | E13: ELV | F13: Rev-01 | G13: 46041 | I13: Rejected | J13: Salman Ali | K13: Resubmit | L13: =IF(G13="","",TODAY()-G13) -> 203
A14: PRJ01-HSE-0011 | B14: Risk Assessment | C14: Metro Project | D14: ABC Ltd | E14: HSE | F14: Rev-02 | G14: 46043 | H14: 46046 | I14: Approved | J14: Imran Ahmed | K14: Approved | L14: =IF(G14="","",TODAY()-G14) -> 201
A15: PRJ02-QA/-0012 | B15: ITP Document | C15: Airport Project | D15: XYZ Ltd | E15: QA/QC | F15: Rev-03 | G15: 46045 | I15: Submitted | J15: Hassan Khan | K15: Pending | L15: =IF(G15="","",TODAY()-G15) -> 199
A16: PRJ03-CIV-0013 | B16: Foundation Drawing | C16: Hospital Project | D16: GHI Ltd | E16: Civil | F16: Rev-00 | G16: 46047 | I16: Under Review | J16: Ahmed Khan | K16: Review | L16: =IF(G16="","",TODAY()-G16) -> 197
A17: PRJ04-MEC-0014 | B17: HVAC Layout | C17: Refinery Upgrade | D17: OilCorp | E17: Mechanical | F17: Rev-01 | G17: 46049 | I17: Draft | J17: Ali Raza | K17: Draft | L17: =IF(G17="","",TODAY()-G17) -> 195
A18: PRJ05-ELE-0015 | B18: Cable Schedule | C18: IT Park | D18: PQR Ltd | E18: Electrical | F18: Rev-02 | G18: 46051 | I18: Rejected | J18: John Mathew | K18: Resubmit | L18: =IF(G18="","",TODAY()-G18) -> 193
A19: PRJ06-ELV-0016 | B19: CCTV Layout | C19: Data Center | D19: NABCO | E19: ELV | F19: Rev-03 | G19: 46053 | H19: 46056 | I19: Approved | J19: Salman Ali | K19: Approved | L19: =IF(G19="","",TODAY()-G19) -> 191
A20: PRJ07-HSE-0017 | B20: Risk Assessment | C20: Mall Project | D20: Delta EPC | E20: HSE | F20: Rev-00 | G20: 46055 | I20: Submitted | J20: Imran Ahmed | K20: Pending | L20: =IF(G20="","",TODAY()-G20) -> 189
A21: PRJ08-QA/-0018 | B21: ITP Document | C21: Bridge Project | D21: Prime Infra | E21: QA/QC | F21: Rev-01 | G21: 46057 | I21: Under Review | J21: Hassan Khan | K21: Review | L21: =IF(G21="","",TODAY()-G21) -> 187
A22: PRJ09-CIV-0019 | B22: Foundation Drawing | C22: Residential Tower | D22: SkyBuild | E22: Civil | F22: Rev-02 | G22: 46059 | I22: Draft | J22: Ahmed Khan | K22: Draft | L22: =IF(G22="","",TODAY()-G22) -> 185
A23: PRJ10-MEC-0020 | B23: HVAC Layout | C23: Industrial Plant | D23: Vision Tech | E23: Mechanical | F23: Rev-03 | G23: 46061 | I23: Rejected | J23: Ali Raza | K23: Resubmit | L23: =IF(G23="","",TODAY()-G23) -> 183
A24: PRJ01-ELE-0021 | B24: Cable Schedule | C24: Metro Project | D24: ABC Ltd | E24: Electrical | F24: Rev-00 | G24: 46063 | H24: 46066 | I24: Approved | J24: John Mathew | K24: Approved | L24: =IF(G24="","",TODAY()-G24) -> 181
A25: PRJ02-ELV-0022 | B25: CCTV Layout | C25: Airport Project | D25: XYZ Ltd | E25: ELV | F25: Rev-01 | G25: 46065 | I25: Submitted | J25: Salman Ali | K25: Pending | L25: =IF(G25="","",TODAY()-G25) -> 179
A26: PRJ03-HSE-0023 | B26: Risk Assessment | C26: Hospital Project | D26: GHI Ltd | E26: HSE | F26: Rev-02 | G26: 46067 | I26: Under Review | J26: Imran Ahmed | K26: Review | L26: =IF(G26="","",TODAY()-G26) -> 177
A27: PRJ04-QA/-0024 | B27: ITP Document | C27: Refinery Upgrade | D27: OilCorp | E27: QA/QC | F27: Rev-03 | G27: 46069 | I27: Draft | J27: Hassan Khan | K27: Draft | L27: =IF(G27="","",TODAY()-G27) -> 175
A28: PRJ05-CIV-0025 | B28: Foundation Drawing | C28: IT Park | D28: PQR Ltd | E28: Civil | F28: Rev-00 | G28: 46071 | I28: Rejected | J28: Ahmed Khan | K28: Resubmit | L28: =IF(G28="","",TODAY()-G28) -> 173
A29: PRJ06-MEC-0026 | B29: HVAC Layout | C29: Data Center | D29: NABCO | E29: Mechanical | F29: Rev-01 | G29: 46073 | H29: 46076 | I29: Approved | J29: Ali Raza | K29: Approved | L29: =IF(G29="","",TODAY()-G29) -> 171
A30: PRJ07-ELE-0027 | B30: Cable Schedule | C30: Mall Project | D30: Delta EPC | E30: Electrical | F30: Rev-02 | G30: 46075 | I30: Submitted | J30: John Mathew | K30: Pending | L30: =IF(G30="","",TODAY()-G30) -> 169
A31: PRJ08-ELV-0028 | B31: CCTV Layout | C31: Bridge Project | D31: Prime Infra | E31: ELV | F31: Rev-03 | G31: 46077 | I31: Under Review | J31: Salman Ali | K31: Review | L31: =IF(G31="","",TODAY()-G31) -> 167
A32: PRJ09-HSE-0029 | B32: Risk Assessment | C32: Residential Tower | D32: SkyBuild | E32: HSE | F32: Rev-00 | G32: 46079 | I32: Draft | J32: Imran Ahmed | K32: Draft | L32: =IF(G32="","",TODAY()-G32) -> 165
A33: PRJ10-QA/-0030 | B33: ITP Document | C33: Industrial Plant | D33: Vision Tech | E33: QA/QC | F33: Rev-01 | G33: 46081 | I33: Rejected | J33: Hassan Khan | K33: Resubmit | L33: =IF(G33="","",TODAY()-G33) -> 163
A34: PRJ01-CIV-0031 | B34: Foundation Drawing | C34: Metro Project | D34: ABC Ltd | E34: Civil | F34: Rev-02 | G34: 46083 | H34: 46086 | I34: Approved | J34: Ahmed Khan | K34: Approved | L34: =IF(G34="","",TODAY()-G34) -> 161
A35: PRJ02-MEC-0032 | B35: HVAC Layout | C35: Airport Project | D35: XYZ Ltd | E35: Mechanical | F35: Rev-03 | G35: 46085 | I35: Submitted | J35: Ali Raza | K35: Pending | L35: =IF(G35="","",TODAY()-G35) -> 159
A36: PRJ03-ELE-0033 | B36: Cable Schedule | C36: Hospital Project | D36: GHI Ltd | E36: Electrical | F36: Rev-00 | G36: 46087 | I36: Under Review | J36: John Mathew | K36: Review | L36: =IF(G36="","",TODAY()-G36) -> 157
A37: PRJ04-ELV-0034 | B37: CCTV Layout | C37: Refinery Upgrade | D37: OilCorp | E37: ELV | F37: Rev-01 | G37: 46089 | I37: Draft | J37: Salman Ali | K37: Draft | L37: =IF(G37="","",TODAY()-G37) -> 155
A38: PRJ05-HSE-0035 | B38: Risk Assessment | C38: IT Park | D38: PQR Ltd | E38: HSE | F38: Rev-02 | G38: 46091 | I38: Rejected | J38: Imran Ahmed | K38: Resubmit | L38: =IF(G38="","",TODAY()-G38) -> 153
A39: PRJ06-QA/-0036 | B39: ITP Document | C39: Data Center | D39: NABCO | E39: QA/QC | F39: Rev-03 | G39: 46093 | H39: 46096 | I39: Approved | J39: Hassan Khan | K39: Approved | L39: =IF(G39="","",TODAY()-G39) -> 151
A40: PRJ07-CIV-0037 | B40: Foundation Drawing | C40: Mall Project | D40: Delta EPC | E40: Civil | F40: Rev-00 | G40: 46095 | I40: Submitted | J40: Ahmed Khan | K40: Pending | L40: =IF(G40="","",TODAY()-G40) -> 149
A41: PRJ08-MEC-0038 | B41: HVAC Layout | C41: Bridge Project | D41: Prime Infra | E41: Mechanical | F41: Rev-01 | G41: 46097 | I41: Under Review | J41: Ali Raza | K41: Review | L41: =IF(G41="","",TODAY()-G41) -> 147
A42: PRJ09-ELE-0039 | B42: Cable Schedule | C42: Residential Tower | D42: SkyBuild | E42: Electrical | F42: Rev-02 | G42: 46099 | I42: Draft | J42: John Mathew | K42: Draft | L42: =IF(G42="","",TODAY()-G42) -> 145
A43: PRJ10-ELV-0040 | B43: CCTV Layout | C43: Industrial Plant | D43: Vision Tech | E43: ELV | F43: Rev-03 | G43: 46101 | I43: Rejected | J43: Salman Ali | K43: Resubmit | L43: =IF(G43="","",TODAY()-G43) -> 143
A44: PRJ01-HSE-0041 | B44: Risk Assessment | C44: Metro Project | D44: ABC Ltd | E44: HSE | F44: Rev-00 | G44: 46103 | H44: 46106 | I44: Approved | J44: Imran Ahmed | K44: Approved | L44: =IF(G44="","",TODAY()-G44) -> 141
A45: PRJ02-QA/-0042 | B45: ITP Document | C45: Airport Project | D45: XYZ Ltd | E45: QA/QC | F45: Rev-01 | G45: 46105 | I45: Submitted | J45: Hassan Khan | K45: Pending | L45: =IF(G45="","",TODAY()-G45) -> 139
A46: PRJ03-CIV-0043 | B46: Foundation Drawing | C46: Hospital Project | D46: GHI Ltd | E46: Civil | F46: Rev-02 | G46: 46107 | I46: Under Review | J46: Ahmed Khan | K46: Review | L46: =IF(G46="","",TODAY()-G46) -> 137
A47: PRJ04-MEC-0044 | B47: HVAC Layout | C47: Refinery Upgrade | D47: OilCorp | E47: Mechanical | F47: Rev-03 | G47: 46109 | I47: Draft | J47: Ali Raza | K47: Draft | L47: =IF(G47="","",TODAY()-G47) -> 135
A48: PRJ05-ELE-0045 | B48: Cable Schedule | C48: IT Park | D48: PQR Ltd | E48: Electrical | F48: Rev-00 | G48: 46111 | I48: Rejected | J48: John Mathew | K48: Resubmit | L48: =IF(G48="","",TODAY()-G48) -> 133
A49: PRJ06-ELV-0046 | B49: CCTV Layout | C49: Data Center | D49: NABCO | E49: ELV | F49: Rev-01 | G49: 46113 | H49: 46116 | I49: Approved | J49: Salman Ali | K49: Approved | L49: =IF(G49="","",TODAY()-G49) -> 131
A50: PRJ07-HSE-0047 | B50: Risk Assessment | C50: Mall Project | D50: Delta EPC | E50: HSE | F50: Rev-02 | G50: 46115 | I50: Submitted | J50: Imran Ahmed | K50: Pending | L50: =IF(G50="","",TODAY()-G50) -> 129
A51: PRJ08-QA/-0048 | B51: ITP Document | C51: Bridge Project | D51: Prime Infra | E51: QA/QC | F51: Rev-03 | G51: 46117 | I51: Under Review | J51: Hassan Khan | K51: Review | L51: =IF(G51="","",TODAY()-G51) -> 127
A52: PRJ09-CIV-0049 | B52: Foundation Drawing | C52: Residential Tower | D52: SkyBuild | E52: Civil | F52: Rev-00 | G52: 46119 | I52: Draft | J52: Ahmed Khan | K52: Draft | L52: =IF(G52="","",TODAY()-G52) -> 125
A53: PRJ10-MEC-0050 | B53: HVAC Layout | C53: Industrial Plant | D53: Vision Tech | E53: Mechanical | F53: Rev-01 | G53: 46121 | I53: Rejected | J53: Ali Raza | K53: Resubmit | L53: =IF(G53="","",TODAY()-G53) -> 123
A54: PRJ01-ELE-0051 | B54: Cable Schedule | C54: Metro Project | D54: ABC Ltd | E54: Electrical | F54: Rev-02 | G54: 46123 | H54: 46126 | I54: Approved | J54: John Mathew | K54: Approved | L54: =IF(G54="","",TODAY()-G54) -> 121
A55: PRJ02-ELV-0052 | B55: CCTV Layout | C55: Airport Project | D55: XYZ Ltd | E55: ELV | F55: Rev-03 | G55: 46125 | I55: Submitted | J55: Salman Ali | K55: Pending | L55: =IF(G55="","",TODAY()-G55) -> 119
A56: PRJ03-HSE-0053 | B56: Risk Assessment | C56: Hospital Project | D56: GHI Ltd | E56: HSE | F56: Rev-00 | G56: 46127 | I56: Under Review | J56: Imran Ahmed | K56: Review | L56: =IF(G56="","",TODAY()-G56) -> 117
A57: PRJ04-QA/-0054 | B57: ITP Document | C57: Refinery Upgrade | D57: OilCorp | E57: QA/QC | F57: Rev-01 | G57: 46129 | I57: Draft | J57: Hassan Khan | K57: Draft | L57: =IF(G57="","",TODAY()-G57) -> 115
A58: PRJ05-CIV-0055 | B58: Foundation Drawing | C58: IT Park | D58: PQR Ltd | E58: Civil | F58: Rev-02 | G58: 46131 | I58: Rejected | J58: Ahmed Khan | K58: Resubmit | L58: =IF(G58="","",TODAY()-G58) -> 113
A59: PRJ06-MEC-0056 | B59: HVAC Layout | C59: Data Center | D59: NABCO | E59: Mechanical | F59: Rev-03 | G59: 46133 | H59: 46136 | I59: Approved | J59: Ali Raza | K59: Approved | L59: =IF(G59="","",TODAY()-G59) -> 111
A60: PRJ07-ELE-0057 | B60: Cable Schedule | C60: Mall Project | D60: Delta EPC | E60: Electrical | F60: Rev-00 | G60: 46135 | I60: Submitted | J60: John Mathew | K60: Pending | L60: =IF(G60="","",TODAY()-G60) -> 109
A61: PRJ08-ELV-0058 | B61: CCTV Layout | C61: Bridge Project | D61: Prime Infra | E61: ELV | F61: Rev-01 | G61: 46137 | I61: Under Review | J61: Salman Ali | K61: Review | L61: =IF(G61="","",TODAY()-G61) -> 107
A62: PRJ09-HSE-0059 | B62: Risk Assessment | C62: Residential Tower | D62: SkyBuild | E62: HSE | F62: Rev-02 | G62: 46139 | I62: Draft | J62: Imran Ahmed | K62: Draft | L62: =IF(G62="","",TODAY()-G62) -> 105
A63: PRJ10-QA/-0060 | B63: ITP Document | C63: Industrial Plant | D63: Vision Tech | E63: QA/QC | F63: Rev-03 | G63: 46141 | I63: Rejected | J63: Hassan Khan | K63: Resubmit | L63: =IF(G63="","",TODAY()-G63) -> 103
A64: PRJ01-CIV-0061 | B64: Foundation Drawing | C64: Metro Project | D64: ABC Ltd | E64: Civil | F64: Rev-00 | G64: 46143 | H64: 46146 | I64: Approved | J64: Ahmed Khan | K64: Approved | L64: =IF(G64="","",TODAY()-G64) -> 101
A65: PRJ02-MEC-0062 | B65: HVAC Layout | C65: Airport Project | D65: XYZ Ltd | E65: Mechanical | F65: Rev-01 | G65: 46145 | I65: Submitted | J65: Ali Raza | K65: Pending | L65: =IF(G65="","",TODAY()-G65) -> 99
A66: PRJ03-ELE-0063 | B66: Cable Schedule | C66: Hospital Project | D66: GHI Ltd | E66: Electrical | F66: Rev-02 | G66: 46147 | I66: Under Review | J66: John Mathew | K66: Review | L66: =IF(G66="","",TODAY()-G66) -> 97
A67: PRJ04-ELV-0064 | B67: CCTV Layout | C67: Refinery Upgrade | D67: OilCorp | E67: ELV | F67: Rev-03 | G67: 46149 | I67: Draft | J67: Salman Ali | K67: Draft | L67: =IF(G67="","",TODAY()-G67) -> 95
A68: PRJ05-HSE-0065 | B68: Risk Assessment | C68: IT Park | D68: PQR Ltd | E68: HSE | F68: Rev-00 | G68: 46151 | I68: Rejected | J68: Imran Ahmed | K68: Resubmit | L68: =IF(G68="","",TODAY()-G68) -> 93
A69: PRJ06-QA/-0066 | B69: ITP Document | C69: Data Center | D69: NABCO | E69: QA/QC | F69: Rev-01 | G69: 46153 | H69: 46156 | I69: Approved | J69: Hassan Khan | K69: Approved | L69: =IF(G69="","",TODAY()-G69) -> 91
A70: PRJ07-CIV-0067 | B70: Foundation Drawing | C70: Mall Project | D70: Delta EPC | E70: Civil | F70: Rev-02 | G70: 46155 | I70: Submitted | J70: Ahmed Khan | K70: Pending | L70: =IF(G70="","",TODAY()-G70) -> 89
A71: PRJ08-MEC-0068 | B71: HVAC Layout | C71: Bridge Project | D71: Prime Infra | E71: Mechanical | F71: Rev-03 | G71: 46157 | I71: Under Review | J71: Ali Raza | K71: Review | L71: =IF(G71="","",TODAY()-G71) -> 87
A72: PRJ09-ELE-0069 | B72: Cable Schedule | C72: Residential Tower | D72: SkyBuild | E72: Electrical | F72: Rev-00 | G72: 46159 | I72: Draft | J72: John Mathew | K72: Draft | L72: =IF(G72="","",TODAY()-G72) -> 85
A73: PRJ10-ELV-0070 | B73: CCTV Layout | C73: Industrial Plant | D73: Vision Tech | E73: ELV | F73: Rev-01 | G73: 46161 | I73: Rejected | J73: Salman Ali | K73: Resubmit | L73: =IF(G73="","",TODAY()-G73) -> 83
A74: PRJ01-HSE-0071 | B74: Risk Assessment | C74: Metro Project | D74: ABC Ltd | E74: HSE | F74: Rev-02 | G74: 46163 | H74: 46166 | I74: Approved | J74: Imran Ahmed | K74: Approved | L74: =IF(G74="","",TODAY()-G74) -> 81
A75: PRJ02-QA/-0072 | B75: ITP Document | C75: Airport Project | D75: XYZ Ltd | E75: QA/QC | F75: Rev-03 | G75: 46165 | I75: Submitted | J75: Hassan Khan | K75: Pending | L75: =IF(G75="","",TODAY()-G75) -> 79
A76: PRJ03-CIV-0073 | B76: Foundation Drawing | C76: Hospital Project | D76: GHI Ltd | E76: Civil | F76: Rev-00 | G76: 46167 | I76: Under Review | J76: Ahmed Khan | K76: Review | L76: =IF(G76="","",TODAY()-G76) -> 77
A77: PRJ04-MEC-0074 | B77: HVAC Layout | C77: Refinery Upgrade | D77: OilCorp | E77: Mechanical | F77: Rev-01 | G77: 46169 | I77: Draft | J77: Ali Raza | K77: Draft | L77: =IF(G77="","",TODAY()-G77) -> 75
A78: PRJ05-ELE-0075 | B78: Cable Schedule | C78: IT Park | D78: PQR Ltd | E78: Electrical | F78: Rev-02 | G78: 46171 | I78: Rejected | J78: John Mathew | K78: Resubmit | L78: =IF(G78="","",TODAY()-G78) -> 73
A79: PRJ06-ELV-0076 | B79: CCTV Layout | C79: Data Center | D79: NABCO | E79: ELV | F79: Rev-03 | G79: 46173 | H79: 46176 | I79: Approved | J79: Salman Ali | K79: Approved | L79: =IF(G79="","",TODAY()-G79) -> 71
A80: PRJ07-HSE-0077 | B80: Risk Assessment | C80: Mall Project | D80: Delta EPC | E80: HSE | F80: Rev-00 | G80: 46175 | I80: Submitted | J80: Imran Ahmed | K80: Pending | L80: =IF(G80="","",TODAY()-G80) -> 69
A81: PRJ08-QA/-0078 | B81: ITP Document | C81: Bridge Project | D81: Prime Infra | E81: QA/QC | F81: Rev-01 | G81: 46177 | I81: Under Review | J81: Hassan Khan | K81: Review | L81: =IF(G81="","",TODAY()-G81) -> 67
A82: PRJ09-CIV-0079 | B82: Foundation Drawing | C82: Residential Tower | D82: SkyBuild | E82: Civil | F82: Rev-02 | G82: 46179 | I82: Draft | J82: Ahmed Khan | K82: Draft | L82: =IF(G82="","",TODAY()-G82) -> 65
A83: PRJ10-MEC-0080 | B83: HVAC Layout | C83: Industrial Plant | D83: Vision Tech | E83: Mechanical | F83: Rev-03 | G83: 46181 | I83: Rejected | J83: Ali Raza | K83: Resubmit | L83: =IF(G83="","",TODAY()-G83) -> 63
A84: PRJ01-ELE-0081 | B84: Cable Schedule | C84: Metro Project | D84: ABC Ltd | E84: Electrical | F84: Rev-00 | G84: 46183 | H84: 46186 | I84: Approved | J84: John Mathew | K84: Approved | L84: =IF(G84="","",TODAY()-G84) -> 61
A85: PRJ02-ELV-0082 | B85: CCTV Layout | C85: Airport Project | D85: XYZ Ltd | E85: ELV | F85: Rev-01 | G85: 46185 | I85: Submitted | J85: Salman Ali | K85: Pending | L85: =IF(G85="","",TODAY()-G85) -> 59
A86: PRJ03-HSE-0083 | B86: Risk Assessment | C86: Hospital Project | D86: GHI Ltd | E86: HSE | F86: Rev-02 | G86: 46187 | I86: Under Review | J86: Imran Ahmed | K86: Review | L86: =IF(G86="","",TODAY()-G86) -> 57
A87: PRJ04-QA/-0084 | B87: ITP Document | C87: Refinery Upgrade | D87: OilCorp | E87: QA/QC | F87: Rev-03 | G87: 46189 | I87: Draft | J87: Hassan Khan | K87: Draft | L87: =IF(G87="","",TODAY()-G87) -> 55
A88: PRJ05-CIV-0085 | B88: Foundation Drawing | C88: IT Park | D88: PQR Ltd | E88: Civil | F88: Rev-00 | G88: 46191 | I88: Rejected | J88: Ahmed Khan | K88: Resubmit | L88: =IF(G88="","",TODAY()-G88) -> 53
A89: PRJ06-MEC-0086 | B89: HVAC Layout | C89: Data Center | D89: NABCO | E89: Mechanical | F89: Rev-01 | G89: 46193 | H89: 46196 | I89: Approved | J89: Ali Raza | K89: Approved | L89: =IF(G89="","",TODAY()-G89) -> 51
A90: PRJ07-ELE-0087 | B90: Cable Schedule | C90: Mall Project | D90: Delta EPC | E90: Electrical | F90: Rev-02 | G90: 46195 | I90: Submitted | J90: John Mathew | K90: Pending | L90: =IF(G90="","",TODAY()-G90) -> 49
A91: PRJ08-ELV-0088 | B91: CCTV Layout | C91: Bridge Project | D91: Prime Infra | E91: ELV | F91: Rev-03 | G91: 46197 | I91: Under Review | J91: Salman Ali | K91: Review | L91: =IF(G91="","",TODAY()-G91) -> 47
A92: PRJ09-HSE-0089 | B92: Risk Assessment | C92: Residential Tower | D92: SkyBuild | E92: HSE | F92: Rev-00 | G92: 46199 | I92: Draft | J92: Imran Ahmed | K92: Draft | L92: =IF(G92="","",TODAY()-G92) -> 45
A93: PRJ10-QA/-0090 | B93: ITP Document | C93: Industrial Plant | D93: Vision Tech | E93: QA/QC | F93: Rev-01 | G93: 46201 | I93: Rejected | J93: Hassan Khan | K93: Resubmit | L93: =IF(G93="","",TODAY()-G93) -> 43
A94: PRJ01-CIV-0091 | B94: Foundation Drawing | C94: Metro Project | D94: ABC Ltd | E94: Civil | F94: Rev-02 | G94: 46203 | H94: 46206 | I94: Approved | J94: Ahmed Khan | K94: Approved | L94: =IF(G94="","",TODAY()-G94) -> 41
A95: PRJ02-MEC-0092 | B95: HVAC Layout | C95: Airport Project | D95: XYZ Ltd | E95: Mechanical | F95: Rev-03 | G95: 46205 | I95: Submitted | J95: Ali Raza | K95: Pending | L95: =IF(G95="","",TODAY()-G95) -> 39
A96: PRJ03-ELE-0093 | B96: Cable Schedule | C96: Hospital Project | D96: GHI Ltd | E96: Electrical | F96: Rev-00 | G96: 46207 | I96: Under Review | J96: John Mathew | K96: Review | L96: =IF(G96="","",TODAY()-G96) -> 37
A97: PRJ04-ELV-0094 | B97: CCTV Layout | C97: Refinery Upgrade | D97: OilCorp | E97: ELV | F97: Rev-01 | G97: 46209 | I97: Draft | J97: Salman Ali | K97: Draft | L97: =IF(G97="","",TODAY()-G97) -> 35
A98: PRJ05-HSE-0095 | B98: Risk Assessment | C98: IT Park | D98: PQR Ltd | E98: HSE | F98: Rev-02 | G98: 46211 | I98: Rejected | J98: Imran Ahmed | K98: Resubmit | L98: =IF(G98="","",TODAY()-G98) -> 33
A99: PRJ06-QA/-0096 | B99: ITP Document | C99: Data Center | D99: NABCO | E99: QA/QC | F99: Rev-03 | G99: 46213 | H99: 46216 | I99: Approved | J99: Hassan Khan | K99: Approved | L99: =IF(G99="","",TODAY()-G99) -> 31
A100: PRJ07-CIV-0097 | B100: Foundation Drawing | C100: Mall Project | D100: Delta EPC | E100: Civil | F100: Rev-00 | G100: 46215 | I100: Submitted | J100: Ahmed Khan | K100: Pending | L100: =IF(G100="","",TODAY()-G100) -> 29
A101: PRJ08-MEC-0098 | B101: HVAC Layout | C101: Bridge Project | D101: Prime Infra | E101: Mechanical | F101: Rev-01 | G101: 46217 | I101: Under Review | J101: Ali Raza | K101: Review | L101: =IF(G101="","",TODAY()-G101) -> 27
...

Sheet Data-detail
D1: Project Name | E1: Client Name | F1: Discipline | G1: Responsible Engineer
D2: Metro Project | E2: ABC Ltd | F2: Civil | G2: Ahmed Khan
D3: Airport Project | E3: XYZ Ltd | F3: Mechanical | G3: Ali Raza
D4: Hospital Project | E4: GHI Ltd | F4: Electrical | G4: John Mathew
D5: IT Park | E5: PQR Ltd | F5: ELV | G5: Salman Ali
D6: Mall Project | E6: DEF Ltd | F6: HSE | G6: Imran Ahmed
D7: Refinery | E7: OilCorp | F7: QA/QC | G7: Hassan Khan
D8: Bridge Project | E8: LMN Ltd | F8: Civil | G8: Ahmed Khan

Sheet KPI Matrix
D3: KPI | E3: Formula | F3: Target
D4: Total Documents | E4: =COUNTA('Document Register'!A2:A103) -> 101 | F4: 200
D5: Approved | E5: =COUNTIF('Document Register'!I2:I103,"Approved") -> 20 | F5: ≥90%
D6: Submitted | E6: =COUNTIF('Document Register'!I2:I103,"Submitted") -> 20 | F6: -
D7: Under Review | E7: =COUNTIF('Document Register'!I2:I103,"Under Review") -> 20 | F7: -
D8: Rejected | E8: =COUNTIF('Document Register'!I2:I103,"Rejected") -> 20 | F8: <5%
D9: Overdue | E9: =COUNTIFS('Document Register'!L2:L103,">30",'Document Register'!I2:I103,"<>Approved") -> 76 | F9: <5%
D10: On-Time Submission % | E10: =(COUNTIFS('Document Register'!L2:L103,"<=30")/COUNTA('Document Register'!A2:A103))*100 -> 3.960396 | F10: ≥95%
D11: Approval Success Rate | E11: =(COUNTIF('Document Register'!I2:I103,"Approved")/COUNTA('Document Register'!A2:A103))*100 -> 19.80198 | F11: ≥90%
D12: Document Accuracy % | E12: =((COUNTA('Document Register'!A2:A103)-COUNTIF('Document Register'!K2:K103,"*Error*"))/COUNTA('Document Register'!A2:A103))*100 -> 100 | F12: ≥99%

Sheet KRA
D1: KRA | E1: Objective | F1: Responsibilities | G1: Measurement
D2: Document Control | E2: Maintain project documents | F2: Register, revise, archive | G2: 99% Accuracy
D3: Submission Management | E3: Timely submissions | F3: Submit & track approvals | G3: ≥95% On-Time
D4: Client Coordination | E4: Client communication | F4: Follow up comments | G4: ≥90% Approval
D5: Reporting & Dashboard | E5: Prepare reports | F5: Excel & Power BI updates | G5: 100% Reports
D6: QA/QC Documentation | E6: Maintain QA records | F6: ITP, Method Statement | G6: Zero Missing Docs
D7: Records Management | E7: Archive records | F7: Store & retrieve documents | G7: 100% Retrieval
